,poids_moyen,poids_ecart_type
score_dens,0.15531003901052992,0.021695835319830877
Distance T,0.15556869467256607,0.021861285550472627
score_pent,0.06708749573589638,0.01661265430024229
nb_poi_sco,0.186715103154209,0.021677360150616585
score_bus_score_bus,0.15554433883764288,0.02169501510286119
score_tram,0.09330777852678575,0.021803317514361244
score_imat_score_imat,0.18646655006237003,0.02184759250231452
